{
    "name": "root",
    "gauges": {
        "Mover.Policy.Entropy.mean": {
            "value": 1.4205660820007324,
            "min": 1.4205660820007324,
            "max": 1.788148045539856,
            "count": 5
        },
        "Mover.Policy.Entropy.sum": {
            "value": 2841.132080078125,
            "min": 2841.132080078125,
            "max": 3579.872314453125,
            "count": 5
        },
        "Mover.Step.mean": {
            "value": 9997.0,
            "min": 1999.0,
            "max": 9997.0,
            "count": 5
        },
        "Mover.Step.sum": {
            "value": 9997.0,
            "min": 1999.0,
            "max": 9997.0,
            "count": 5
        },
        "Mover.Policy.ExtrinsicValueEstimate.mean": {
            "value": 0.0773070678114891,
            "min": -0.2344803810119629,
            "max": 0.0773070678114891,
            "count": 5
        },
        "Mover.Policy.ExtrinsicValueEstimate.sum": {
            "value": 51.56381607055664,
            "min": -162.49490356445312,
            "max": 51.56381607055664,
            "count": 5
        },
        "Mover.Environment.EpisodeLength.mean": {
            "value": 2386.0,
            "min": 26.328767123287673,
            "max": 2386.0,
            "count": 5
        },
        "Mover.Environment.EpisodeLength.sum": {
            "value": 2386.0,
            "min": 493.0,
            "max": 2386.0,
            "count": 5
        },
        "Mover.Environment.CumulativeReward.mean": {
            "value": -0.5,
            "min": -0.7437499997516474,
            "max": -0.5,
            "count": 5
        },
        "Mover.Environment.CumulativeReward.sum": {
            "value": -0.5,
            "min": -51.19999998807907,
            "max": -0.5,
            "count": 5
        },
        "Mover.Policy.ExtrinsicReward.mean": {
            "value": -0.5,
            "min": -0.7437499997516474,
            "max": -0.5,
            "count": 5
        },
        "Mover.Policy.ExtrinsicReward.sum": {
            "value": -0.5,
            "min": -51.19999998807907,
            "max": -0.5,
            "count": 5
        },
        "Mover.Losses.PolicyLoss.mean": {
            "value": 0.13110677713605884,
            "min": 0.13110677713605884,
            "max": 0.14137958355422597,
            "count": 5
        },
        "Mover.Losses.PolicyLoss.sum": {
            "value": 1.0488542170884707,
            "min": 0.9288138068901995,
            "max": 1.1310366684338078,
            "count": 5
        },
        "Mover.Losses.ValueLoss.mean": {
            "value": 0.0036868842004575226,
            "min": 0.0036868842004575226,
            "max": 0.06867847077470894,
            "count": 5
        },
        "Mover.Losses.ValueLoss.sum": {
            "value": 0.02949507360366018,
            "min": 0.02949507360366018,
            "max": 0.4807492954229626,
            "count": 5
        },
        "Mover.Policy.LearningRate.mean": {
            "value": 0.00029465850178049996,
            "min": 0.00029465850178049996,
            "max": 0.00029938208592025713,
            "count": 5
        },
        "Mover.Policy.LearningRate.sum": {
            "value": 0.0023572680142439997,
            "min": 0.002070735009755,
            "max": 0.0023857776047407995,
            "count": 5
        },
        "Mover.Policy.Epsilon.mean": {
            "value": 0.1982195,
            "min": 0.1982195,
            "max": 0.19979402857142858,
            "count": 5
        },
        "Mover.Policy.Epsilon.sum": {
            "value": 1.585756,
            "min": 1.3902450000000002,
            "max": 1.5952591999999999,
            "count": 5
        },
        "Mover.Policy.Beta.mean": {
            "value": 0.00491115305,
            "min": 0.00491115305,
            "max": 0.004989722025714286,
            "count": 5
        },
        "Mover.Policy.Beta.sum": {
            "value": 0.0392892244,
            "min": 0.0345132255,
            "max": 0.03976343408,
            "count": 5
        },
        "Mover.IsTraining.mean": {
            "value": 1.0,
            "min": 1.0,
            "max": 1.0,
            "count": 5
        },
        "Mover.IsTraining.sum": {
            "value": 1.0,
            "min": 1.0,
            "max": 1.0,
            "count": 5
        }
    },
    "metadata": {
        "timer_format_version": "0.1.0",
        "start_time_seconds": "1638190424",
        "python_version": "3.9.7 (default, Sep 16 2021, 16:59:28) [MSC v.1916 64 bit (AMD64)]",
        "command_line_arguments": "D:\\anaconda3\\envs\\unity_rl\\Scripts\\mlagents-learn Mover.yaml --run-id m02",
        "mlagents_version": "0.27.0",
        "mlagents_envs_version": "0.27.0",
        "communication_protocol_version": "1.5.0",
        "pytorch_version": "1.10.0",
        "numpy_version": "1.21.2",
        "end_time_seconds": "1638190665"
    },
    "total": 241.74500289999997,
    "count": 1,
    "self": 0.006793799999968542,
    "children": {
        "run_training.setup": {
            "total": 0.20813100000000073,
            "count": 1,
            "self": 0.20813100000000073
        },
        "TrainerController.start_learning": {
            "total": 241.5300781,
            "count": 1,
            "self": 0.5783075999991638,
            "children": {
                "TrainerController._reset_env": {
                    "total": 12.4731474,
                    "count": 1,
                    "self": 12.4731474
                },
                "TrainerController.advance": {
                    "total": 226.77905800000087,
                    "count": 10606,
                    "self": 0.2658536000015488,
                    "children": {
                        "env_step": {
                            "total": 226.51320439999932,
                            "count": 10606,
                            "self": 160.01822399999824,
                            "children": {
                                "SubprocessEnvManager._take_step": {
                                    "total": 66.23653800000032,
                                    "count": 10606,
                                    "self": 1.3950807000007757,
                                    "children": {
                                        "TorchPolicy.evaluate": {
                                            "total": 64.84145729999955,
                                            "count": 10456,
                                            "self": 21.695199900000375,
                                            "children": {
                                                "TorchPolicy.sample_actions": {
                                                    "total": 43.14625739999917,
                                                    "count": 10456,
                                                    "self": 43.14625739999917
                                                }
                                            }
                                        }
                                    }
                                },
                                "workers": {
                                    "total": 0.2584424000007637,
                                    "count": 10605,
                                    "self": 0.0,
                                    "children": {
                                        "worker_root": {
                                            "total": 230.02089950000124,
                                            "count": 10605,
                                            "is_parallel": true,
                                            "self": 99.62683809999848,
                                            "children": {
                                                "steps_from_proto": {
                                                    "total": 0.0013228000000005125,
                                                    "count": 1,